id,date,user,pc,file_tree,activity
{3FJEP9SV-UUEU7AXT-CFSB},02/02/2025 19:38:14,U0000,PC-5000,R:\;R:\U0000,Connect
{5UGDDXBZ-T0TPJ7C9-JA5T},02/02/2025 19:55:14,U0000,PC-5000,,Disconnect
{WGR4B8JQ-TBOFA204-OAXL},01/26/2025 12:29:04,U0001,PC-5001,R:\;R:\U0001,Connect
{5M4E622H-MPW4PB9M-9W44},01/26/2025 12:46:04,U0001,PC-5001,,Disconnect
{R6H2U8V7-LJQ54BG5-C210},01/26/2025 14:27:21,U0002,PC-5002,R:\;R:\U0002,Connect
{3AEEP2R6-1LJXGD3U-EX1E},01/26/2025 14:44:21,U0002,PC-5002,,Disconnect
{97DH4IW9-I9NFR72H-N20G},02/06/2025 14:28:12,U0002,PC-5002,R:\;R:\U0002,Connect
{JFNL86O1-BXMTBZ6U-M51T},02/06/2025 14:47:12,U0002,PC-5002,,Disconnect
{664JY908-QDW8Q8ZJ-7725},01/30/2025 16:23:55,U0003,PC-5003,R:\;R:\U0003,Connect
{M1W2EKPD-VVJQB5ON-46OT},01/30/2025 16:31:55,U0003,PC-5003,,Disconnect
{I5YH7RPV-6WBXJ72I-2DPG},01/24/2025 13:42:21,U0004,PC-5004,R:\;R:\U0004,Connect
{9SLXSOL5-TIHM7X1H-XCHY},01/24/2025 14:00:21,U0004,PC-5004,,Disconnect
{86FSRKQ3-2Q0IW3D1-CZ5U},01/28/2025 08:52:06,U0006,PC-5006,R:\;R:\U0006,Connect
{MTXS83XE-W1ZYKSLJ-5HRU},01/28/2025 09:02:06,U0006,PC-5006,,Disconnect
{MRU4NSIK-FESVJLV8-ED7S},01/18/2025 17:22:26,U0007,PC-5007,R:\;R:\U0007,Connect
{ITA84DQ6-XNVELHIY-MGDM},01/18/2025 17:40:26,U0007,PC-5007,,Disconnect
{N89MRGP8-J0DJWSAA-ENXX},01/18/2025 14:43:06,U0008,PC-5008,R:\;R:\U0008,Connect
{6DUDUYMT-GRHT8QVP-C5BJ},01/18/2025 14:57:06,U0008,PC-5008,,Disconnect
{C3LFQGH5-3VQAL7JM-IXNA},01/23/2025 16:33:56,U0008,PC-5008,R:\;R:\U0008,Connect
{ZEVBDSIB-GWNZE9GH-R3WL},01/23/2025 16:49:56,U0008,PC-5008,,Disconnect
{X6LBQMLF-P36JH83M-H8QG},02/10/2025 13:09:58,U0009,PC-5009,R:\;R:\U0009,Connect
{4DYMWPFC-NCAUZFJA-LJZE},02/10/2025 13:23:58,U0009,PC-5009,,Disconnect
{V4ZPPZ99-FMK3PBE1-UGGJ},01/24/2025 10:50:04,U0010,PC-5010,R:\;R:\U0010,Connect
{4VWTV7K5-UGLXKRGJ-QMND},01/24/2025 11:06:04,U0010,PC-5010,,Disconnect
{WLPTPOMQ-H0CECI1Z-SMH1},02/11/2025 15:43:56,U0011,PC-5011,R:\;R:\U0011,Connect
{GK0H2K1L-2KSZIPSH-YNNK},02/11/2025 15:56:56,U0011,PC-5011,,Disconnect
{GMI1GCCH-92P47PTU-UZ98},02/08/2025 07:39:54,U0011,PC-5011,R:\;R:\U0011,Connect
{Q8RL6AB6-BHAGDFU8-DD3V},02/08/2025 07:52:54,U0011,PC-5011,,Disconnect
{97OIE00E-JHRMBL4O-TPT3},01/26/2025 12:06:16,U0016,PC-5016,R:\;R:\U0016,Connect
{YW1DGTG6-ZOM2OYHZ-3UGB},01/26/2025 12:13:16,U0016,PC-5016,,Disconnect
{UIHTMME8-70P2WAGH-PAYI},02/13/2025 13:28:05,U0016,PC-5016,R:\;R:\U0016,Connect
{S9VNRURU-OUUY899E-6UU3},02/13/2025 13:46:05,U0016,PC-5016,,Disconnect
{IXVXBKNE-4L1667HH-FRE1},01/29/2025 16:07:11,U0017,PC-5017,R:\;R:\U0017,Connect
{OPP5T33J-CN6CYO51-KW4H},01/29/2025 16:24:11,U0017,PC-5017,,Disconnect
{0YKHAMRX-7Y91QUB7-TULN},01/23/2025 19:59:25,U0017,PC-5017,R:\;R:\U0017,Connect
{V95KJFDU-1GDM57PP-X116},01/23/2025 20:18:25,U0017,PC-5017,,Disconnect
{U503VL2K-DA2UACIJ-WZ8Y},01/16/2025 11:03:41,U0019,PC-5019,R:\;R:\U0019,Connect
{2J6GOQLJ-HU5KH7O4-EA8Q},01/16/2025 11:15:41,U0019,PC-5019,,Disconnect
{Y7Z32OX1-G28P4ADX-DF21},02/05/2025 11:08:23,U0019,PC-5019,R:\;R:\U0019,Connect
{EJF1B2AA-1QZVYM63-YWCM},02/05/2025 11:25:23,U0019,PC-5019,,Disconnect
{MHRRTB6I-17TGNQRB-EIIA},01/16/2025 11:42:54,U0023,PC-5023,R:\;R:\U0023,Connect
{MN6OQJ6G-6CDDOIKT-2KFX},01/16/2025 11:52:54,U0023,PC-5023,,Disconnect
{5W9XXLUI-MNM4ZPDO-P6HD},01/24/2025 11:01:37,U0026,PC-5026,R:\;R:\U0026,Connect
{LG1EFLHL-X03V1UZV-O9QT},01/24/2025 11:15:37,U0026,PC-5026,,Disconnect
{VAYK8KF7-80CKFJQH-5QMD},01/22/2025 09:07:42,U0027,PC-5027,R:\;R:\U0027,Connect
{FW8XUJ5Y-E8WH77G7-0G58},01/22/2025 09:18:42,U0027,PC-5027,,Disconnect
{7HRS7R8R-LR4GVOH6-DIHR},01/26/2025 11:43:20,U0027,PC-5027,R:\;R:\U0027,Connect
{33AXP4EU-C4KDTE0M-8902},01/26/2025 11:52:20,U0027,PC-5027,,Disconnect
{O3SGFSUZ-C21UNC7W-WG08},01/24/2025 13:44:09,U0028,PC-5028,R:\;R:\U0028,Connect
{TBTM5PAB-Z1K0R401-CGEH},01/24/2025 14:03:09,U0028,PC-5028,,Disconnect
{5W8W3Z3Y-FW9BFH2I-0FIT},02/02/2025 10:57:14,U0028,PC-5028,R:\;R:\U0028,Connect
{CZ8W9U1Q-2TXVP9OP-TFOW},02/02/2025 11:13:14,U0028,PC-5028,,Disconnect
{N54ODJJS-MJAO3NCY-9UKU},01/24/2025 11:37:49,U0029,PC-5029,R:\;R:\U0029,Connect
{VZFGVCH1-SIXV96UT-1C8P},01/24/2025 11:45:49,U0029,PC-5029,,Disconnect
{HW991K8B-KI5P3VU5-8FS9},01/20/2025 15:15:57,U0029,PC-5029,R:\;R:\U0029,Connect
{1E2DNHYO-G3SSL57X-PESH},01/20/2025 15:28:57,U0029,PC-5029,,Disconnect
{BR7G4MJZ-E72HM2IR-C2O2},01/25/2025 18:18:04,U0031,PC-5031,R:\;R:\U0031,Connect
{ZOS3DGYW-2DCGVDM1-7YME},01/25/2025 18:31:04,U0031,PC-5031,,Disconnect
{S63BKBG0-IM28SSA2-8T4Y},01/30/2025 09:35:23,U0031,PC-5031,R:\;R:\U0031,Connect
{P3O3OFDU-GTWU5SYQ-DCW4},01/30/2025 09:50:23,U0031,PC-5031,,Disconnect
{PB9A30JI-AWB9FDEC-KSL5},01/22/2025 15:42:57,U0032,PC-5032,R:\;R:\U0032,Connect
{3KIJKNQW-K2UHU4AA-DQS0},01/22/2025 15:49:57,U0032,PC-5032,,Disconnect
{MCDNXHBA-14CAZDYO-04LY},01/24/2025 11:15:17,U0032,PC-5032,R:\;R:\U0032,Connect
{297SELS3-CDOOF2JJ-LP4L},01/24/2025 11:24:17,U0032,PC-5032,,Disconnect
{2OH8FZUO-88V78RZ5-CWCC},01/20/2025 10:50:14,U0033,PC-5033,R:\;R:\U0033,Connect
{P37IPDTN-THM707X3-KB5N},01/20/2025 11:07:14,U0033,PC-5033,,Disconnect
{FONM4YDP-OPDQ2ECE-BRDY},01/17/2025 16:57:51,U0034,PC-5034,R:\;R:\U0034,Connect
{YW1GNPW3-25GZMMPM-Z69I},01/17/2025 17:02:51,U0034,PC-5034,,Disconnect
{SJBSCP1Y-S813H8FV-XRNE},02/11/2025 17:51:40,U0035,PC-5035,R:\;R:\U0035,Connect
{YAZHUUHU-KBR3PT47-XXA6},02/11/2025 17:59:40,U0035,PC-5035,,Disconnect
{FMTB02BL-CYQVAOO4-116S},01/28/2025 12:47:00,U0037,PC-5037,R:\;R:\U0037,Connect
{1PJ1GEV8-CZNQ85QZ-LVZY},01/28/2025 12:58:00,U0037,PC-5037,,Disconnect
{WMJTW7TD-WDELFQ3B-BT9M},01/24/2025 12:44:24,U0038,PC-5038,R:\;R:\U0038,Connect
{BPJ4TT85-59T3NSVN-AIU7},01/24/2025 12:59:24,U0038,PC-5038,,Disconnect
{C74C5AI4-324H90T1-C6AO},02/13/2025 13:33:29,U0038,PC-5038,R:\;R:\U0038,Connect
{RP0247GO-F6ISUILK-OS2I},02/13/2025 13:47:29,U0038,PC-5038,,Disconnect
{NPR2XC6U-AWZZV7W2-3436},01/16/2025 15:18:38,U0041,PC-5041,R:\;R:\U0041,Connect
{QCAUE1H4-O8LYEC9W-BSM1},01/16/2025 15:35:38,U0041,PC-5041,,Disconnect
{ABJJM44N-I8NQFNF5-5AEL},02/11/2025 15:23:01,U0041,PC-5041,R:\;R:\U0041,Connect
{3UUAGB0X-ZZB7QA4F-0SV3},02/11/2025 15:33:01,U0041,PC-5041,,Disconnect
{PR77NTHG-E1SFXUST-BRM5},01/29/2025 15:58:23,U0044,PC-5044,R:\;R:\U0044,Connect
{PMM0TOKD-ZGEUJTEX-Y8DM},01/29/2025 16:12:23,U0044,PC-5044,,Disconnect
{R5LDQTI9-CK6XPQOH-QZ89},02/12/2025 10:42:33,U0044,PC-5044,R:\;R:\U0044,Connect
{CT498GRU-PBOT2YPZ-K78L},02/12/2025 10:53:33,U0044,PC-5044,,Disconnect
{8OFCH1LT-OLEIEKC4-ZEWX},01/15/2025 12:30:34,U0045,PC-5045,R:\;R:\U0045,Connect
{WT3PSLDX-POB2R20U-WQD6},01/15/2025 12:50:34,U0045,PC-5045,,Disconnect
{YFNCE98N-FX0NRQ27-7ETF},02/05/2025 18:21:23,U0045,PC-5045,R:\;R:\U0045,Connect
{F5ZCXSCC-KSB1TPY3-LQRK},02/05/2025 18:31:23,U0045,PC-5045,,Disconnect
{5CEX9T3I-O39WIVXS-OS1H},01/21/2025 16:11:14,U0046,PC-5046,R:\;R:\U0046,Connect
{6S1PR6GB-F6OVJU90-VN7B},01/21/2025 16:30:14,U0046,PC-5046,,Disconnect
{HBP7PO9S-TUTGJ1N8-IFTK},01/19/2025 12:29:33,U0046,PC-5046,R:\;R:\U0046,Connect
{YB8QVY3V-DCEG1MDE-YMHS},01/19/2025 12:38:33,U0046,PC-5046,,Disconnect
{YFIA14QR-CBBG8PRK-5SKF},01/24/2025 11:45:24,U0048,PC-5048,R:\;R:\U0048,Connect
{85LJWCC2-HHI733IZ-8RBM},01/24/2025 12:04:24,U0048,PC-5048,,Disconnect
{P01VWTEH-6Y5F8NSW-HWYA},02/01/2025 11:04:39,U0049,PC-5049,R:\;R:\U0049,Connect
{JE1LAO6Q-3Z0Z3G4J-ZM08},02/01/2025 11:12:39,U0049,PC-5049,,Disconnect
